date,country,temperature_C,humidity_percent,wind_speed_mps,wave_height_m,pressure_hPa
2024-01-01 00:00:00.000000000,Japan,18.34,56.69,4.41,1.47,1010.75
2024-01-01 08:46:07.567567567,Thailand,31.17,74.32,3.24,1.22,1009.09
2024-01-01 17:32:15.135135135,Japan,21.51,55.22,4.15,1.96,1014.76
2024-01-02 02:18:22.702702702,Japan,24.53,57.38,3.15,1.35,1005.99
2024-01-02 11:04:30.270270270,Thailand,25.12,75.38,3.26,1.26,1004.38
2024-01-02 19:50:37.837837837,Thailand,26.58,77.14,5.78,1.83,1001.56
2024-01-03 04:36:45.405405405,Japan,11.98,61.15,5.51,2.07,1008.12
2024-01-03 13:22:52.972972972,USA,26.06,69.26,3.55,1.51,1027.6
2024-01-03 22:09:00.540540540,Japan,22.04,62.97,4.56,2.65,1007.98
2024-01-04 06:55:08.108108108,Japan,21.42,80.8,3.82,2.06,1011.57
2024-01-04 15:41:15.675675675,Japan,14.59,60.67,4.59,2.29,1008.9
2024-01-05 00:27:23.243243243,Japan,2.54,68.61,3.59,1.96,1015.74
2024-01-05 09:13:30.810810810,Thailand,23.89,66.94,1.13,0.59,1006.59
2024-01-05 17:59:38.378378378,Japan,6.94,65.16,3.64,1.69,1015.12
2024-01-06 02:45:45.945945945,USA,17.36,69.25,2.04,0.7,1019.86
2024-01-06 11:31:53.513513513,Thailand,31.53,84.98,3.97,2.13,1008.33
2024-01-06 20:18:01.081081081,USA,10.41,49.8,6.66,2.07,1007.86
2024-01-07 05:04:08.648648648,USA,30.1,64.82,4.3,2.35,1017.97
2024-01-07 13:50:16.216216216,USA,12.3,48.25,4.11,1.52,1015.26
2024-01-07 22:36:23.783783783,USA,24.64,71.68,7.77,3.6,1019.05
2024-01-08 07:22:31.351351351,Thailand,27.68,65.04,1.22,0.54,1013.98
2024-01-08 16:08:38.918918918,Thailand,30.54,96.15,2.8,1.57,1008.19
2024-01-09 00:54:46.486486486,USA,16.09,68.71,5.96,3.05,1014.34
2024-01-09 09:40:54.054054054,USA,17.5,46.32,2.32,1.21,1024.32
2024-01-09 18:27:01.621621621,Thailand,27.03,73.99,3.06,1.46,1012.38
2024-01-10 03:13:09.189189189,Thailand,28.24,73.93,4.07,1.23,1005.67
2024-01-10 11:59:16.756756756,Thailand,26.96,61.76,3.82,1.54,1008.29
2024-01-10 20:45:24.324324324,Japan,26.89,56.82,1.75,0.76,1009.7
2024-01-11 05:31:31.891891891,Japan,16.28,62.27,-0.05,0.2,1010.73
2024-01-11 14:17:39.459459459,Japan,25.56,46.55,2.47,1.46,1013.58
2024-01-11 23:03:47.027027027,USA,12.31,46.72,10.15,3.25,1013.36
2024-01-12 07:49:54.594594594,Japan,12.52,71.74,3.83,1.37,1011.78
2024-01-12 16:36:02.162162162,USA,14.67,53.48,3.57,1.9,1013.64
2024-01-13 01:22:09.729729729,USA,28.89,28.09,0.84,0.39,1005.56
2024-01-13 10:08:17.297297297,Japan,15.6,61.29,1.89,0.93,1007.11
2024-01-13 18:54:24.864864864,USA,11.38,59.16,5.97,2.97,1008.36
2024-01-14 03:40:32.432432432,Japan,23.05,53.71,3.21,1.59,1013.45
2024-01-14 12:26:40.000000000,Japan,15.55,62.71,5.22,2.91,1006.3
2024-01-14 21:12:47.567567567,Thailand,28.92,84.27,1.92,0.74,1010.46
2024-01-15 05:58:55.135135135,Japan,6.31,82.65,2.14,0.88,1006.92
2024-01-15 14:45:02.702702702,Thailand,25.33,79.85,1.72,0.8,1015.02
2024-01-15 23:31:10.270270270,Japan,5.73,59.55,5.46,2.95,1010.85
2024-01-16 08:17:17.837837837,Japan,15.45,64.43,4.46,2.19,1002.45
2024-01-16 17:03:25.405405405,Thailand,28.13,71.65,1.71,0.65,1008.4
2024-01-17 01:49:32.972972973,Thailand,30.59,67.17,3.41,1.69,1001.19
2024-01-17 10:35:40.540540540,Japan,14.72,70.27,6.43,3.21,1018.85
2024-01-17 19:21:48.108108108,USA,-3.41,44.65,3.75,1.31,1013.16
2024-01-18 04:07:55.675675675,Thailand,28.96,76.59,1.57,0.65,1010.32
2024-01-18 12:54:03.243243243,USA,5.77,43.78,3.05,1.43,1019.32
2024-01-18 21:40:10.810810810,USA,35.81,56.35,5.19,1.89,1014.07
2024-01-19 06:26:18.378378378,USA,9.24,61.46,10.12,4.05,1012.42
2024-01-19 15:12:25.945945946,Thailand,28.94,76.94,3.18,1.43,1006.66
2024-01-19 23:58:33.513513513,USA,8.73,81.75,6.42,3.46,1009.63
2024-01-20 08:44:41.081081081,Thailand,26.74,82.44,1.24,0.41,1012.58
2024-01-20 17:30:48.648648648,USA,14.26,67.45,5.36,3.01,1004.99
2024-01-21 02:16:56.216216216,Japan,23.72,71.19,5.93,3.29,1016.31
2024-01-21 11:03:03.783783783,Japan,17.51,48.39,4.64,1.64,1012.04
2024-01-21 19:49:11.351351351,Thailand,32.46,76.07,3.45,2.04,1007.15
2024-01-22 04:35:18.918918918,Japan,17.72,71.82,4.04,1.6,1011.15
2024-01-22 13:21:26.486486486,Japan,8.16,70.01,2.44,1.26,1017.39
2024-01-22 22:07:34.054054054,USA,13.13,54.72,7.89,3.12,1014.18
2024-01-23 06:53:41.621621621,Thailand,32.6,77.26,1.65,0.51,1010.34
2024-01-23 15:39:49.189189189,USA,15.82,72.79,3.97,1.76,1021.46
2024-01-24 00:25:56.756756756,USA,24.2,63.77,1.64,0.85,1002.45
2024-01-24 09:12:04.324324324,USA,10.8,56.62,2.31,0.9,1007.49
2024-01-24 17:58:11.891891891,USA,-4.34,45.51,2.86,1.67,1017.1
2024-01-25 02:44:19.459459459,USA,24.84,57.43,4.9,2.37,1017.05
2024-01-25 11:30:27.027027027,USA,26.67,79.45,1.86,0.66,1013.44
2024-01-25 20:16:34.594594594,USA,8.77,53.33,3.73,1.18,1020.13
2024-01-26 05:02:42.162162162,Thailand,28.88,65.61,3.8,1.31,1012.19
2024-01-26 13:48:49.729729729,Japan,14.13,71.33,4.3,2.06,1003.42
2024-01-26 22:34:57.297297297,USA,6.6,61.98,4.27,1.45,1016.5
2024-01-27 07:21:04.864864865,USA,17.86,64.01,6.32,2.06,1025.06
2024-01-27 16:07:12.432432432,USA,-2.49,44.91,6.77,3.04,1007.3
2024-01-28 00:53:20.000000000,USA,9.82,62.69,4.97,2.21,1020.13
2024-01-28 09:39:27.567567567,USA,27.06,64.12,7.65,3.59,1006.21
2024-01-28 18:25:35.135135135,USA,20.84,55.69,6.18,3.43,1019.65
2024-01-29 03:11:42.702702702,Japan,20.84,72.15,4.75,2.4,1015.29
2024-01-29 11:57:50.270270270,Japan,27.68,71.49,3.75,1.5,1011.73
2024-01-29 20:43:57.837837837,USA,8.1,65.94,5.84,2.64,1015.4
2024-01-30 05:30:05.405405405,Japan,19.34,65.46,1.96,0.96,1014.73
2024-01-30 14:16:12.972972973,Thailand,34.49,76.71,3.27,1.51,1006.39
2024-01-30 23:02:20.540540540,USA,14.05,63.35,6.22,2.06,1014.12
2024-01-31 07:48:28.108108108,Thailand,30.53,78.27,2.81,1.44,1006.38
2024-01-31 16:34:35.675675675,Thailand,30.4,69.4,4.2,1.32,1001.91
2024-02-01 01:20:43.243243243,USA,18.67,53.69,4.74,2.52,1000.79
2024-02-01 10:06:50.810810810,Japan,14.11,83.81,1.83,0.64,1000.01
2024-02-01 18:52:58.378378378,Thailand,31.95,82.9,4.12,1.57,1013.24
2024-02-02 03:39:05.945945946,USA,21.5,58.81,8.69,3.64,1006.58
2024-02-02 12:25:13.513513513,Thailand,32.69,73.35,2.29,0.71,1005.32
2024-02-02 21:11:21.081081081,Thailand,26.25,86.55,2.92,1.72,1012.47
2024-02-03 05:57:28.648648648,Thailand,30.81,73.16,3.71,2.05,1010.89
2024-02-03 14:43:36.216216216,Thailand,31.93,85.63,3.2,1.72,1010.84
2024-02-03 23:29:43.783783783,Japan,10.78,64.5,4.56,1.96,1007.21
2024-02-04 08:15:51.351351351,Thailand,29.88,63.55,3.13,1.19,1005.28
2024-02-04 17:01:58.918918919,Thailand,28.1,82.97,2.72,0.88,1007.9
2024-02-05 01:48:06.486486486,Thailand,28.64,55.61,1.42,0.72,1011.04
2024-02-05 10:34:14.054054054,Japan,20.6,69.79,3.96,1.31,1008.14
2024-02-05 19:20:21.621621621,Thailand,29.99,65.73,4.5,2.11,1011.51
2024-02-06 04:06:29.189189189,Thailand,27.37,75.3,2.73,0.88,1007.66
2024-02-06 12:52:36.756756756,Japan,10.99,62.19,6.7,3.62,1014.2
2024-02-06 21:38:44.324324324,Japan,14.55,60.55,4.41,2.26,1007.01
2024-02-07 06:24:51.891891892,Japan,18.42,58.53,5.05,2.6,1012.97
2024-02-07 15:10:59.459459459,Thailand,28.26,83.71,3.11,1.7,1011.8
2024-02-07 23:57:07.027027027,Japan,32.53,58.11,6.6,2.14,1011.99
2024-02-08 08:43:14.594594594,Japan,10.78,59.71,4.93,2.21,1016.65
2024-02-08 17:29:22.162162162,Thailand,35.18,78.49,3.04,1.09,1008.48
2024-02-09 02:15:29.729729729,Japan,14.48,67.12,5.64,2.92,1010.45
2024-02-09 11:01:37.297297297,Thailand,28.55,87.59,1.77,1.06,1002.14
2024-02-09 19:47:44.864864864,USA,-0.62,84.02,4.79,2.69,1023.68
2024-02-10 04:33:52.432432432,Japan,16.79,73.84,4.98,2.86,1003.12
2024-02-10 13:20:00.000000000,USA,20.33,44.95,7.75,2.63,1017.66
2024-02-10 22:06:07.567567567,Thailand,31.48,77.09,2.45,1.45,1005.31
2024-02-11 06:52:15.135135135,Japan,20.27,62.09,1.52,0.86,1010.75
2024-02-11 15:38:22.702702702,Thailand,32.32,52.21,4.15,1.45,1001.04
2024-02-12 00:24:30.270270270,USA,18.74,58.96,6.61,2.63,1005.53
2024-02-12 09:10:37.837837837,Thailand,28.6,77.77,2.95,1.1,1009.91
2024-02-12 17:56:45.405405405,Japan,3.33,67.54,3.61,1.35,1017.17
2024-02-13 02:42:52.972972973,Japan,28.51,73.5,3.48,1.08,1009.25
2024-02-13 11:29:00.540540540,USA,23.47,74.67,7.43,4.02,1012.46
2024-02-13 20:15:08.108108108,Thailand,33.09,76.91,2.74,1.04,1007.21
2024-02-14 05:01:15.675675675,Japan,18.34,58.12,3.8,2.21,1005.83
2024-02-14 13:47:23.243243243,USA,15.79,36.02,6.83,2.98,1015.08
2024-02-14 22:33:30.810810810,Japan,3.29,94.38,2.69,0.83,1013.02
2024-02-15 07:19:38.378378378,Japan,25.76,54.6,4.92,2.91,1005.73
2024-02-15 16:05:45.945945946,Thailand,30.83,69.79,4.07,1.44,1007.34
2024-02-16 00:51:53.513513513,Japan,24.09,69.96,4.23,1.9,1012.82
2024-02-16 09:38:01.081081081,Thailand,32.89,77.46,2.55,1.48,1008.27
2024-02-16 18:24:08.648648648,Japan,25.74,76.87,4.96,2.07,1005.28
2024-02-17 03:10:16.216216216,USA,7.28,63.56,7.01,3.75,1011.49
2024-02-17 11:56:23.783783783,Japan,29.3,69.54,3.63,1.45,1015.82
2024-02-17 20:42:31.351351351,Thailand,33.14,79.56,3.72,1.6,1010.54
2024-02-18 05:28:38.918918919,Thailand,29.55,76.0,2.83,1.12,1008.06
2024-02-18 14:14:46.486486486,USA,2.22,40.28,3.23,1.4,1022.32
2024-02-18 23:00:54.054054054,Japan,13.53,51.77,6.46,3.14,1016.05
2024-02-19 07:47:01.621621621,Japan,2.26,58.17,4.09,1.81,1016.63
2024-02-19 16:33:09.189189189,USA,1.1,40.26,7.05,3.4,1027.64
2024-02-20 01:19:16.756756756,Japan,22.76,70.75,3.62,2.09,1012.96
2024-02-20 10:05:24.324324324,Japan,12.72,62.19,1.46,0.56,1010.51
2024-02-20 18:51:31.891891891,Thailand,32.91,70.06,1.09,0.53,1009.59
2024-02-21 03:37:39.459459459,Japan,11.07,74.41,2.53,0.9,1009.88
2024-02-21 12:23:47.027027027,Japan,11.22,70.51,6.77,2.25,1012.11
2024-02-21 21:09:54.594594594,USA,-0.93,65.29,4.96,2.69,1016.31
2024-02-22 05:56:02.162162162,USA,9.21,60.76,5.94,2.86,1013.84
2024-02-22 14:42:09.729729730,Thailand,30.15,75.32,2.3,1.11,1005.35
2024-02-22 23:28:17.297297297,Japan,26.05,61.99,3.59,1.33,1014.76
2024-02-23 08:14:24.864864865,Japan,12.97,73.95,3.56,1.78,1017.24
2024-02-23 17:00:32.432432432,Japan,19.68,57.18,7.33,2.57,1004.81
2024-02-24 01:46:40.000000000,Thailand,31.9,78.31,2.81,0.86,1007.48
2024-02-24 10:32:47.567567567,Thailand,33.67,87.99,1.46,0.61,1009.07
2024-02-24 19:18:55.135135135,USA,14.12,90.96,3.39,1.45,1022.83
2024-02-25 04:05:02.702702703,Thailand,32.93,83.83,3.3,1.56,1005.86
2024-02-25 12:51:10.270270270,Japan,15.35,62.96,3.13,1.15,1005.93
2024-02-25 21:37:17.837837838,Japan,13.89,63.02,2.86,1.55,1011.17
2024-02-26 06:23:25.405405405,Thailand,30.7,62.55,3.33,1.53,1011.33
2024-02-26 15:09:32.972972973,Japan,9.79,52.67,5.04,2.62,1020.73
2024-02-26 23:55:40.540540540,Japan,13.06,64.44,4.84,1.71,1011.38
2024-02-27 08:41:48.108108108,Thailand,27.03,80.04,2.09,0.91,1008.33
2024-02-27 17:27:55.675675675,Thailand,27.79,84.89,4.09,2.37,1010.44
2024-02-28 02:14:03.243243243,Japan,14.26,50.93,4.11,2.27,1014.9
2024-02-28 11:00:10.810810811,Japan,34.24,68.93,4.29,1.45,1009.45
2024-02-28 19:46:18.378378378,Japan,21.53,70.82,2.39,0.98,1006.55
2024-02-29 04:32:25.945945946,USA,-3.36,66.1,2.79,1.34,1000.08
2024-02-29 13:18:33.513513513,USA,23.36,60.38,5.5,3.06,1012.99
2024-02-29 22:04:41.081081081,USA,15.82,58.81,6.84,3.83,1011.26
2024-03-01 06:50:48.648648648,Thailand,31.71,79.8,2.49,1.05,1007.05
2024-03-01 15:36:56.216216216,USA,20.37,49.22,5.06,2.49,1012.95
2024-03-02 00:23:03.783783784,Thailand,29.32,76.58,5.46,2.89,1006.8
2024-03-02 09:09:11.351351351,Thailand,30.03,64.51,1.93,0.79,1006.78
2024-03-02 17:55:18.918918919,USA,20.08,60.65,1.4,0.63,1009.12
2024-03-03 02:41:26.486486486,USA,5.61,58.27,2.58,1.25,1016.6
2024-03-03 11:27:34.054054054,USA,5.33,65.01,3.62,2.17,1012.62
2024-03-03 20:13:41.621621621,Japan,19.04,61.63,3.08,1.56,1009.49
2024-03-04 04:59:49.189189189,USA,15.16,51.26,1.93,0.94,1018.47
2024-03-04 13:45:56.756756757,Japan,0.12,74.34,1.95,0.8,1009.88
2024-03-04 22:32:04.324324324,Thailand,33.62,72.47,3.88,1.18,1011.05
2024-03-05 07:18:11.891891892,Japan,13.96,39.09,3.18,1.46,1012.96
2024-03-05 16:04:19.459459459,USA,5.06,59.63,1.08,0.6,1025.36
2024-03-06 00:50:27.027027027,Thailand,29.92,67.53,2.56,1.33,1004.46
2024-03-06 09:36:34.594594594,Thailand,23.09,71.44,2.13,1.14,998.89
2024-03-06 18:22:42.162162162,Thailand,27.99,83.32,2.39,0.9,1015.3
2024-03-07 03:08:49.729729730,Japan,17.38,74.21,6.12,3.48,1017.07
2024-03-07 11:54:57.297297297,USA,28.02,78.74,5.06,1.75,1008.48
2024-03-07 20:41:04.864864865,Thailand,30.27,88.78,2.77,0.9,1008.36
2024-03-08 05:27:12.432432432,Thailand,28.9,76.48,1.65,0.67,1004.11
2024-03-08 14:13:20.000000000,Thailand,32.04,84.26,2.55,0.84,1006.26
2024-03-08 22:59:27.567567567,Japan,26.3,72.19,5.49,2.68,1007.22
2024-03-09 07:45:35.135135135,Japan,9.23,59.98,4.42,2.35,1006.37
2024-03-09 16:31:42.702702702,USA,19.56,85.98,3.71,2.21,1018.57
2024-03-10 01:17:50.270270270,Japan,28.19,82.99,5.12,2.54,1013.97
2024-03-10 10:03:57.837837838,Thailand,28.91,68.29,1.96,0.84,1000.13
2024-03-10 18:50:05.405405405,USA,20.79,61.77,4.03,1.45,1011.01
2024-03-11 03:36:12.972972973,Thailand,30.92,81.53,3.86,2.16,1005.67
2024-03-11 12:22:20.540540540,Thailand,32.51,68.49,4.21,2.19,1007.44
2024-03-11 21:08:28.108108108,Japan,22.64,76.73,4.27,2.54,1004.52
2024-03-12 05:54:35.675675675,USA,14.06,58.97,6.63,2.41,1016.47
2024-03-12 14:40:43.243243243,Japan,26.67,65.21,4.46,2.13,1019.51
2024-03-12 23:26:50.810810811,Japan,4.71,65.78,6.72,3.77,1014.12
2024-03-13 08:12:58.378378378,USA,27.9,68.08,4.72,1.43,1005.65
2024-03-13 16:59:05.945945946,Thailand,32.49,67.59,4.29,1.55,1006.31
2024-03-14 01:45:13.513513513,Thailand,35.01,78.16,1.8,0.73,1009.78
2024-03-14 10:31:21.081081081,USA,17.78,77.46,2.1,0.72,1006.36
2024-03-14 19:17:28.648648648,Thailand,32.17,72.02,4.73,2.67,1006.4
2024-03-15 04:03:36.216216216,USA,-1.99,77.49,8.36,2.52,1008.49
2024-03-15 12:49:43.783783784,USA,-0.26,75.15,3.9,1.92,1028.35
2024-03-15 21:35:51.351351351,Japan,18.89,58.12,6.79,3.27,1020.43
2024-03-16 06:21:58.918918919,USA,25.24,67.11,6.56,2.95,1009.69
2024-03-16 15:08:06.486486486,Japan,25.81,58.51,5.42,2.47,1014.41
2024-03-16 23:54:14.054054054,Thailand,26.57,73.45,2.28,0.75,1000.53
2024-03-17 08:40:21.621621621,Thailand,31.44,64.08,3.19,1.36,1010.31
2024-03-17 17:26:29.189189189,Thailand,33.66,79.66,2.77,1.53,1004.16
2024-03-18 02:12:36.756756757,Thailand,33.6,59.5,1.75,0.71,1009.39
2024-03-18 10:58:44.324324324,Japan,18.99,47.32,4.48,1.69,1010.26
2024-03-18 19:44:51.891891892,Thailand,33.1,73.44,2.63,1.42,1009.61
2024-03-19 04:30:59.459459459,USA,3.3,25.53,4.94,2.13,1023.63
2024-03-19 13:17:07.027027027,USA,24.0,69.34,5.71,1.94,1006.41
2024-03-19 22:03:14.594594594,USA,22.66,74.72,4.8,1.82,1011.78
2024-03-20 06:49:22.162162162,Japan,20.49,62.79,2.74,1.45,1006.39
2024-03-20 15:35:29.729729729,Thailand,34.48,72.83,2.98,0.92,1005.01
2024-03-21 00:21:37.297297297,Thailand,30.3,65.95,1.24,0.71,1003.89
2024-03-21 09:07:44.864864865,Thailand,30.2,79.13,1.44,0.75,1005.88
2024-03-21 17:53:52.432432432,Japan,10.23,70.67,2.0,1.18,1023.07
2024-03-22 02:40:00.000000000,USA,-1.15,73.98,3.53,1.96,1008.14
2024-03-22 11:26:07.567567567,USA,25.18,91.96,4.41,2.26,1013.91
2024-03-22 20:12:15.135135135,Thailand,27.52,75.69,1.93,0.67,996.31
2024-03-23 04:58:22.702702702,USA,10.52,84.12,8.54,3.96,1006.79
2024-03-23 13:44:30.270270270,USA,15.21,51.26,4.63,1.46,1021.25
2024-03-23 22:30:37.837837838,Japan,13.6,71.02,2.94,1.17,1008.45
2024-03-24 07:16:45.405405405,Japan,18.86,81.25,4.48,2.53,1009.74
2024-03-24 16:02:52.972972973,Japan,15.48,70.11,4.48,2.38,1010.84
2024-03-25 00:49:00.540540540,Japan,24.18,64.22,3.73,1.24,1026.97
2024-03-25 09:35:08.108108108,Thailand,33.12,79.04,4.31,2.54,1005.73
2024-03-25 18:21:15.675675675,Japan,18.79,50.62,5.38,2.55,1007.66
2024-03-26 03:07:23.243243243,USA,26.88,66.44,6.53,3.0,1011.85
2024-03-26 11:53:30.810810811,Thailand,31.45,68.23,2.36,1.31,1012.12
2024-03-26 20:39:38.378378378,USA,12.34,65.8,3.91,2.22,1009.91
2024-03-27 05:25:45.945945946,USA,5.45,65.08,9.13,2.97,1006.59
2024-03-27 14:11:53.513513513,USA,16.92,62.89,6.04,2.57,1013.03
2024-03-27 22:58:01.081081081,Japan,10.56,69.28,3.72,1.3,1015.93
2024-03-28 07:44:08.648648648,Japan,18.23,62.33,6.69,3.79,1012.12
2024-03-28 16:30:16.216216216,Thailand,30.58,72.17,3.34,1.82,1006.82
2024-03-29 01:16:23.783783784,Thailand,35.42,77.81,2.7,1.47,1000.18
2024-03-29 10:02:31.351351351,Japan,3.15,58.92,5.95,2.38,1010.89
2024-03-29 18:48:38.918918919,USA,20.46,49.92,3.87,1.56,1010.54
2024-03-30 03:34:46.486486486,Thailand,34.85,72.42,4.22,1.71,1014.09
2024-03-30 12:20:54.054054054,Japan,17.28,77.25,4.06,1.37,1011.68
2024-03-30 21:07:01.621621621,Japan,9.75,76.88,3.3,1.16,1012.01
2024-03-31 05:53:09.189189189,Japan,15.19,70.24,3.24,1.6,1014.89
2024-03-31 14:39:16.756756756,USA,16.26,83.27,3.0,0.93,1008.93
2024-03-31 23:25:24.324324324,Japan,25.2,51.83,5.09,2.54,1014.34
2024-04-01 08:11:31.891891892,Japan,20.87,62.59,5.01,1.67,1020.5
2024-04-01 16:57:39.459459459,Japan,6.07,42.23,4.21,1.74,1016.5
2024-04-02 01:43:47.027027027,Japan,14.25,64.09,4.5,1.73,1011.95
2024-04-02 10:29:54.594594594,Thailand,28.69,81.0,3.2,1.73,1009.27
2024-04-02 19:16:02.162162162,Thailand,27.19,83.69,2.46,1.38,1011.23
2024-04-03 04:02:09.729729729,Japan,20.38,58.54,2.63,0.98,1011.46
2024-04-03 12:48:17.297297297,USA,14.81,56.36,6.6,2.57,1003.3
2024-04-03 21:34:24.864864865,Thailand,33.15,68.09,3.43,1.64,1011.6
2024-04-04 06:20:32.432432432,Japan,17.27,63.31,4.11,1.31,1016.81
2024-04-04 15:06:40.000000000,Thailand,31.04,84.31,3.27,1.79,1010.57
2024-04-04 23:52:47.567567567,Thailand,30.57,83.01,0.3,0.2,1010.71
2024-04-05 08:38:55.135135135,USA,29.74,55.78,6.77,2.93,1014.38
2024-04-05 17:25:02.702702702,Japan,29.29,78.15,6.46,2.4,1014.71
2024-04-06 02:11:10.270270270,Japan,11.24,65.3,3.62,1.79,998.99
2024-04-06 10:57:17.837837838,USA,16.23,66.62,5.09,2.49,1023.17
2024-04-06 19:43:25.405405405,USA,13.94,57.79,4.12,1.29,999.75
2024-04-07 04:29:32.972972973,Japan,14.99,58.08,1.89,0.91,1010.58
2024-04-07 13:15:40.540540540,Japan,11.74,58.31,3.69,1.12,1011.03
2024-04-07 22:01:48.108108108,USA,11.91,50.97,5.64,2.56,1021.04
2024-04-08 06:47:55.675675675,Thailand,31.13,73.56,2.22,1.08,1007.22
2024-04-08 15:34:03.243243243,Thailand,29.04,68.63,4.08,1.83,1008.09
2024-04-09 00:20:10.810810810,USA,11.01,52.17,2.24,0.95,1001.85
2024-04-09 09:06:18.378378378,Thailand,30.8,79.07,1.42,0.78,1011.58
2024-04-09 17:52:25.945945946,USA,16.45,52.62,3.58,1.49,1015.06
2024-04-10 02:38:33.513513513,Thailand,23.54,69.25,2.79,1.47,1004.05
2024-04-10 11:24:41.081081081,Thailand,31.54,73.65,4.23,1.73,1012.63
2024-04-10 20:10:48.648648648,Japan,17.31,65.19,5.06,2.45,1012.17
2024-04-11 04:56:56.216216216,Japan,20.67,71.37,4.09,1.4,1007.28
2024-04-11 13:43:03.783783783,Thailand,29.9,73.34,2.87,1.36,1000.47
2024-04-11 22:29:11.351351351,Thailand,24.12,80.86,3.86,2.13,1013.15
2024-04-12 07:15:18.918918919,Japan,13.48,82.75,2.21,0.87,1015.6
2024-04-12 16:01:26.486486486,Japan,16.14,79.33,4.79,2.67,1013.44
2024-04-13 00:47:34.054054054,Japan,17.06,73.11,5.19,2.14,1002.26
2024-04-13 09:33:41.621621621,USA,30.86,69.35,3.03,1.06,1021.89
2024-04-13 18:19:49.189189189,Thailand,26.68,73.28,2.69,0.93,1011.12
2024-04-14 03:05:56.756756756,Japan,18.35,63.39,1.88,0.6,1017.07
2024-04-14 11:52:04.324324324,Thailand,24.95,68.55,3.96,1.62,1014.46
2024-04-14 20:38:11.891891892,USA,33.91,54.45,4.91,1.51,1006.12
2024-04-15 05:24:19.459459460,USA,20.46,60.08,4.13,1.28,1012.34
2024-04-15 14:10:27.027027026,Japan,10.31,61.38,1.29,0.74,1009.23
2024-04-15 22:56:34.594594594,USA,21.97,55.99,7.35,4.37,1015.22
2024-04-16 07:42:42.162162162,Thailand,25.38,63.11,3.53,1.22,999.84
2024-04-16 16:28:49.729729730,Japan,30.13,87.31,4.96,2.14,1013.5
2024-04-17 01:14:57.297297296,Thailand,26.81,68.01,1.74,1.03,1004.54
2024-04-17 10:01:04.864864864,Thailand,24.06,80.98,1.93,0.83,1008.96
2024-04-17 18:47:12.432432432,USA,12.95,88.01,5.58,2.63,1018.4
2024-04-18 03:33:20.000000000,USA,2.7,65.96,4.07,1.8,1012.36
2024-04-18 12:19:27.567567568,USA,-0.25,62.89,5.53,3.1,1023.61
2024-04-18 21:05:35.135135134,USA,18.08,55.3,5.54,2.12,1010.94
2024-04-19 05:51:42.702702702,USA,13.75,45.93,4.97,2.78,1015.34
2024-04-19 14:37:50.270270270,Japan,5.59,77.62,2.64,1.4,1007.73
2024-04-19 23:23:57.837837838,Thailand,30.72,55.64,5.72,3.2,1006.92
2024-04-20 08:10:05.405405406,Thailand,29.84,77.28,3.52,1.66,1010.58
2024-04-20 16:56:12.972972972,Thailand,33.5,73.36,2.86,1.3,1012.01
2024-04-21 01:42:20.540540540,Thailand,31.97,76.56,2.98,1.51,1006.45
2024-04-21 10:28:28.108108108,USA,24.52,73.21,4.18,1.7,1008.52
2024-04-21 19:14:35.675675676,Thailand,28.12,81.9,3.95,1.54,1010.05
2024-04-22 04:00:43.243243242,Japan,21.61,72.16,4.63,2.46,1008.03
2024-04-22 12:46:50.810810810,Japan,26.32,72.08,4.53,1.48,1016.35
2024-04-22 21:32:58.378378378,Thailand,27.54,74.81,1.36,0.43,1001.47
2024-04-23 06:19:05.945945946,Thailand,27.62,72.54,1.11,0.36,1008.85
2024-04-23 15:05:13.513513514,Japan,28.19,65.03,3.73,1.2,1011.41
2024-04-23 23:51:21.081081080,Japan,6.75,57.37,2.85,1.54,1006.3
2024-04-24 08:37:28.648648648,USA,13.45,68.41,4.44,1.97,1016.8
2024-04-24 17:23:36.216216216,Japan,22.45,52.61,4.09,1.67,1012.39
2024-04-25 02:09:43.783783784,USA,6.45,64.02,5.02,2.18,1019.02
2024-04-25 10:55:51.351351350,USA,33.01,74.87,5.42,2.02,1010.05
2024-04-25 19:41:58.918918918,USA,23.43,66.71,5.47,2.5,1021.22
2024-04-26 04:28:06.486486486,USA,18.92,53.89,4.95,1.91,1002.39
2024-04-26 13:14:14.054054054,USA,18.35,48.63,3.75,1.43,1013.09
2024-04-26 22:00:21.621621622,Thailand,29.02,76.24,3.83,1.51,1004.53
2024-04-27 06:46:29.189189188,Japan,16.09,57.22,5.09,2.01,1008.56
2024-04-27 15:32:36.756756756,USA,17.63,62.32,6.7,2.77,1012.18
2024-04-28 00:18:44.324324324,Japan,17.54,84.82,6.35,3.25,1004.36
2024-04-28 09:04:51.891891892,Japan,24.76,77.36,4.13,1.61,1011.99
2024-04-28 17:50:59.459459460,USA,17.03,56.58,4.12,1.68,1013.84
2024-04-29 02:37:07.027027026,Thailand,30.0,79.81,1.56,0.56,998.82
2024-04-29 11:23:14.594594594,USA,0.95,43.0,7.47,4.15,1011.08
2024-04-29 20:09:22.162162162,Thailand,31.87,65.89,4.04,1.47,1007.7
2024-04-30 04:55:29.729729730,Japan,24.8,81.02,2.89,1.43,1008.91
2024-04-30 13:41:37.297297296,Thailand,27.39,84.0,1.81,0.93,1014.57
2024-04-30 22:27:44.864864864,Thailand,30.58,73.81,2.12,0.67,1002.35
2024-05-01 07:13:52.432432432,Thailand,30.12,66.98,3.74,1.14,1005.95
2024-05-01 16:00:00.000000000,Japan,7.32,53.66,3.67,1.55,997.81
2024-05-02 00:46:07.567567568,Japan,34.89,72.85,3.97,2.34,1009.69
2024-05-02 09:32:15.135135134,Thailand,36.05,76.73,4.05,2.16,1005.11
2024-05-02 18:18:22.702702702,Thailand,31.32,75.16,3.67,1.23,1010.37
2024-05-03 03:04:30.270270270,USA,24.81,51.09,0.68,0.28,1014.53
2024-05-03 11:50:37.837837838,Thailand,30.49,75.41,3.17,1.69,1008.98
2024-05-03 20:36:45.405405406,USA,-7.73,48.76,4.21,1.55,1011.92
2024-05-04 05:22:52.972972972,Thailand,29.69,61.85,2.82,0.9,1014.65
2024-05-04 14:09:00.540540540,USA,20.37,60.62,4.59,1.69,1009.1
2024-05-04 22:55:08.108108108,Japan,15.37,61.82,5.92,2.8,1013.79
2024-05-05 07:41:15.675675676,Thailand,30.98,72.04,1.7,0.85,1014.31
2024-05-05 16:27:23.243243242,Thailand,27.57,64.94,2.77,1.22,1009.87
2024-05-06 01:13:30.810810810,Thailand,30.99,79.96,1.91,1.12,1007.38
2024-05-06 09:59:38.378378378,Thailand,25.18,76.48,5.02,1.62,1008.03
2024-05-06 18:45:45.945945946,USA,23.42,52.59,9.38,4.03,1001.63
2024-05-07 03:31:53.513513514,Thailand,25.73,72.87,2.57,1.51,1010.35
2024-05-07 12:18:01.081081080,Japan,18.34,68.32,3.36,1.61,1002.91
2024-05-07 21:04:08.648648648,Japan,19.33,58.38,4.64,2.45,1011.1
2024-05-08 05:50:16.216216216,Thailand,29.75,65.05,2.04,1.0,1011.32
2024-05-08 14:36:23.783783784,Japan,11.3,69.72,6.23,2.8,1012.78
2024-05-08 23:22:31.351351350,Thailand,31.86,73.34,3.63,1.33,1002.92
2024-05-09 08:08:38.918918918,Thailand,32.65,71.38,2.53,1.08,1009.06
2024-05-09 16:54:46.486486486,Japan,17.86,60.13,2.81,1.08,1012.69
2024-05-10 01:40:54.054054054,Thailand,32.23,73.55,2.35,0.98,1013.29
2024-05-10 10:27:01.621621622,Japan,19.73,66.5,4.15,1.69,1013.94
2024-05-10 19:13:09.189189188,USA,8.15,69.49,1.06,0.53,1018.36
2024-05-11 03:59:16.756756756,Thailand,27.87,70.22,1.47,0.46,1008.13
2024-05-11 12:45:24.324324324,USA,10.93,68.24,5.21,2.25,1016.51
2024-05-11 21:31:31.891891892,Japan,21.84,91.34,2.79,1.13,1015.79
2024-05-12 06:17:39.459459460,USA,13.11,71.06,4.74,2.13,1022.07
2024-05-12 15:03:47.027027026,USA,19.09,44.09,3.9,2.17,1006.84
2024-05-12 23:49:54.594594594,Japan,-0.23,66.99,4.66,1.86,1013.02
2024-05-13 08:36:02.162162162,USA,25.37,68.89,3.1,1.74,1015.54
2024-05-13 17:22:09.729729730,USA,-2.79,63.84,3.99,1.35,1012.51
2024-05-14 02:08:17.297297296,Japan,22.83,39.42,2.9,1.14,1005.88
2024-05-14 10:54:24.864864864,USA,21.79,46.21,6.33,2.7,1015.78
2024-05-14 19:40:32.432432432,Japan,10.56,53.02,5.3,1.88,1013.9
2024-05-15 04:26:40.000000000,USA,22.83,56.98,3.8,1.82,1021.53
2024-05-15 13:12:47.567567568,Japan,13.81,67.29,6.7,2.35,1012.92
2024-05-15 21:58:55.135135134,Japan,20.93,79.02,4.98,1.94,1003.48
2024-05-16 06:45:02.702702702,USA,24.7,69.64,5.07,2.29,1007.26
2024-05-16 15:31:10.270270270,USA,21.07,57.8,6.07,3.12,1018.33
2024-05-17 00:17:17.837837838,USA,23.16,59.11,7.17,4.01,1018.54
2024-05-17 09:03:25.405405404,Thailand,32.52,70.06,2.44,0.98,1003.6
2024-05-17 17:49:32.972972972,Thailand,33.17,82.5,3.63,1.63,1008.35
2024-05-18 02:35:40.540540540,Thailand,26.72,71.9,3.7,1.53,1011.4
2024-05-18 11:21:48.108108108,Japan,17.58,69.55,5.16,2.81,1005.99
2024-05-18 20:07:55.675675676,USA,20.01,60.6,5.01,2.58,1009.04
2024-05-19 04:54:03.243243242,Japan,16.33,67.69,4.37,1.83,1017.93
2024-05-19 13:40:10.810810810,Thailand,28.56,68.1,3.69,1.85,1006.43
2024-05-19 22:26:18.378378378,USA,8.51,69.27,7.22,3.97,1024.61
2024-05-20 07:12:25.945945946,Japan,15.42,66.43,1.34,0.52,1013.04
2024-05-20 15:58:33.513513514,USA,27.5,41.82,7.44,3.13,1007.79
2024-05-21 00:44:41.081081080,Japan,14.25,47.93,2.33,0.74,1017.18
2024-05-21 09:30:48.648648648,USA,20.41,58.16,7.77,3.81,1019.88
2024-05-21 18:16:56.216216216,Thailand,28.92,64.39,2.59,0.99,1009.04
2024-05-22 03:03:03.783783784,Thailand,28.48,61.65,1.67,0.99,1008.31
2024-05-22 11:49:11.351351350,USA,12.7,48.91,6.78,2.89,1019.21
2024-05-22 20:35:18.918918918,Japan,10.24,48.39,2.76,1.23,1007.69
2024-05-23 05:21:26.486486486,Thailand,27.23,66.97,3.21,1.54,1008.28
2024-05-23 14:07:34.054054054,Thailand,29.75,76.49,3.2,1.56,1004.75
2024-05-23 22:53:41.621621622,Thailand,26.1,81.64,3.81,1.95,1003.41
2024-05-24 07:39:49.189189188,USA,-0.75,71.11,6.31,3.53,1003.78
2024-05-24 16:25:56.756756756,USA,20.51,64.09,5.78,2.95,1005.04
2024-05-25 01:12:04.324324324,Japan,11.95,81.95,4.07,1.53,1009.72
2024-05-25 09:58:11.891891892,Japan,22.0,64.38,5.69,2.03,1009.33
2024-05-25 18:44:19.459459458,Japan,11.95,63.59,4.47,1.93,1011.95
2024-05-26 03:30:27.027027026,USA,10.63,40.72,8.5,4.18,1021.29
2024-05-26 12:16:34.594594594,USA,23.08,48.32,5.72,1.74,1016.41
2024-05-26 21:02:42.162162162,Japan,12.51,58.09,2.63,0.84,1006.84
2024-05-27 05:48:49.729729730,Japan,29.94,61.99,6.42,2.08,1015.99
2024-05-27 14:34:57.297297296,USA,20.0,65.66,5.15,1.86,1017.46
2024-05-27 23:21:04.864864864,Japan,27.92,71.81,4.23,1.36,1019.56
2024-05-28 08:07:12.432432432,Thailand,32.05,73.33,4.07,1.55,1017.46
2024-05-28 16:53:20.000000000,USA,23.1,56.76,7.21,3.15,1016.85
2024-05-29 01:39:27.567567568,Japan,8.63,71.93,3.09,1.34,1019.6
2024-05-29 10:25:35.135135134,USA,20.38,62.21,4.04,1.24,1002.36
2024-05-29 19:11:42.702702702,Thailand,30.08,59.64,2.99,1.73,1005.24
2024-05-30 03:57:50.270270270,USA,17.52,55.49,8.5,3.21,1006.89
2024-05-30 12:43:57.837837838,USA,12.21,56.64,6.58,3.58,1015.04
2024-05-30 21:30:05.405405404,USA,8.06,63.96,2.98,1.12,1006.3
2024-05-31 06:16:12.972972972,USA,44.49,74.94,2.3,1.26,1005.07
2024-05-31 15:02:20.540540540,Thailand,28.0,83.04,1.85,0.84,1002.55
2024-05-31 23:48:28.108108108,USA,12.7,49.78,5.35,1.92,1030.91
2024-06-01 08:34:35.675675676,USA,19.18,70.16,5.35,2.81,1013.99
2024-06-01 17:20:43.243243242,Japan,32.4,53.69,4.71,1.67,1006.37
2024-06-02 02:06:50.810810810,USA,4.63,68.93,5.22,1.82,1023.47
2024-06-02 10:52:58.378378378,Japan,13.03,52.41,3.67,1.67,1009.46
2024-06-02 19:39:05.945945946,Thailand,25.75,79.8,2.85,1.06,1005.63
2024-06-03 04:25:13.513513514,Thailand,33.06,91.71,1.41,0.65,1000.48
2024-06-03 13:11:21.081081080,Thailand,33.26,83.44,3.0,1.27,1002.81
2024-06-03 21:57:28.648648648,Thailand,30.98,82.39,1.99,0.96,1008.34
2024-06-04 06:43:36.216216216,Japan,15.65,57.11,4.65,1.68,1006.97
2024-06-04 15:29:43.783783784,USA,23.58,57.18,5.08,2.16,1004.31
2024-06-05 00:15:51.351351350,Thailand,29.86,68.88,5.03,2.55,1011.83
2024-06-05 09:01:58.918918918,USA,17.81,81.1,5.74,3.18,1015.33
2024-06-05 17:48:06.486486486,Japan,3.4,63.13,3.64,1.29,1018.15
2024-06-06 02:34:14.054054054,Japan,12.4,64.36,5.86,3.34,1008.71
2024-06-06 11:20:21.621621622,Japan,16.07,74.41,4.74,1.52,1011.22
2024-06-06 20:06:29.189189188,Thailand,28.18,76.69,4.2,1.81,1006.03
2024-06-07 04:52:36.756756756,USA,4.22,51.74,2.49,0.8,1004.17
2024-06-07 13:38:44.324324324,USA,8.95,33.53,6.79,3.48,1020.65
2024-06-07 22:24:51.891891892,USA,12.91,85.32,5.54,1.77,1022.08
2024-06-08 07:10:59.459459458,Japan,21.2,79.56,5.06,2.74,1014.95
2024-06-08 15:57:07.027027026,Thailand,26.57,75.46,4.07,2.13,1014.1
2024-06-09 00:43:14.594594594,Japan,14.9,60.21,4.44,2.54,1013.32
2024-06-09 09:29:22.162162162,Japan,21.79,79.42,5.18,2.45,1012.55
2024-06-09 18:15:29.729729730,USA,4.67,64.78,8.62,3.29,1011.69
2024-06-10 03:01:37.297297296,Japan,13.59,54.92,2.86,1.22,1007.56
2024-06-10 11:47:44.864864864,USA,15.16,70.83,3.18,1.74,1022.12
2024-06-10 20:33:52.432432432,Thailand,33.33,79.77,3.93,1.49,1003.61
2024-06-11 05:20:00.000000000,USA,16.72,66.64,2.65,0.95,1007.63
2024-06-11 14:06:07.567567568,Thailand,26.96,80.61,1.47,0.73,1010.47
2024-06-11 22:52:15.135135134,USA,20.52,67.51,3.61,1.18,1016.49
2024-06-12 07:38:22.702702702,Japan,11.35,79.35,3.31,1.25,1010.67
2024-06-12 16:24:30.270270270,Japan,20.45,49.35,4.14,1.64,1009.68
2024-06-13 01:10:37.837837838,Thailand,32.01,72.66,2.53,1.2,1010.58
2024-06-13 09:56:45.405405404,Thailand,32.27,79.9,1.98,0.61,1007.02
2024-06-13 18:42:52.972972972,Thailand,33.64,70.22,1.19,0.59,1010.56
2024-06-14 03:29:00.540540540,USA,21.22,75.95,5.77,2.71,1019.55
2024-06-14 12:15:08.108108108,USA,24.67,63.97,8.27,4.94,1023.53
2024-06-14 21:01:15.675675676,Thailand,28.95,87.51,2.18,0.8,1014.13
2024-06-15 05:47:23.243243242,Japan,22.93,66.59,3.69,1.69,1013.8
2024-06-15 14:33:30.810810810,USA,21.26,70.62,3.82,1.67,1013.74
2024-06-15 23:19:38.378378378,USA,26.9,74.05,6.12,2.14,1012.04
2024-06-16 08:05:45.945945946,USA,34.63,60.04,7.02,2.69,1021.05
2024-06-16 16:51:53.513513512,Thailand,31.21,66.82,1.79,0.92,1009.49
2024-06-17 01:38:01.081081080,Thailand,35.96,70.75,2.66,0.81,1009.37
2024-06-17 10:24:08.648648648,Thailand,31.57,85.65,3.85,2.08,1010.0
2024-06-17 19:10:16.216216216,Thailand,30.13,79.47,0.47,0.2,1006.81
2024-06-18 03:56:23.783783784,Thailand,25.04,79.31,3.15,1.51,1011.06
2024-06-18 12:42:31.351351350,Japan,14.74,63.49,3.89,1.27,1008.74
2024-06-18 21:28:38.918918918,Japan,24.52,67.61,4.5,1.63,1015.0
2024-06-19 06:14:46.486486486,Thailand,31.89,68.57,3.9,2.33,1005.47
2024-06-19 15:00:54.054054054,USA,17.89,60.9,7.38,2.35,1012.28
2024-06-19 23:47:01.621621622,Thailand,28.45,73.43,2.79,0.9,1005.01
2024-06-20 08:33:09.189189188,Japan,13.38,57.95,1.41,0.46,1009.85
2024-06-20 17:19:16.756756756,Japan,16.21,62.59,3.91,1.5,1013.4
2024-06-21 02:05:24.324324324,USA,8.87,72.62,2.97,1.01,1008.43
2024-06-21 10:51:31.891891892,Japan,12.61,52.04,3.32,1.2,1011.91
2024-06-21 19:37:39.459459458,Thailand,28.86,77.66,3.88,1.34,1006.48
2024-06-22 04:23:47.027027026,USA,14.69,49.82,6.15,3.33,1002.28
2024-06-22 13:09:54.594594594,Thailand,30.71,66.5,1.83,0.89,1008.07
2024-06-22 21:56:02.162162162,Thailand,29.71,60.79,2.92,1.14,1004.67
2024-06-23 06:42:09.729729730,USA,3.14,32.14,6.08,3.04,1022.85
2024-06-23 15:28:17.297297296,Thailand,31.45,77.95,3.39,1.87,1000.29
2024-06-24 00:14:24.864864864,Japan,9.71,60.01,6.55,2.93,1010.63
2024-06-24 09:00:32.432432432,Thailand,33.74,74.5,3.95,1.67,1006.53
2024-06-24 17:46:40.000000000,USA,9.74,36.43,4.02,1.44,1015.07
2024-06-25 02:32:47.567567568,USA,34.04,79.51,9.44,3.48,1012.05
2024-06-25 11:18:55.135135134,USA,-5.97,70.37,3.22,1.52,1015.41
2024-06-25 20:05:02.702702702,Thailand,28.23,68.3,2.39,1.31,1005.84
2024-06-26 04:51:10.270270270,USA,18.8,57.71,5.13,1.76,1015.67
2024-06-26 13:37:17.837837838,USA,27.18,53.84,3.56,1.66,1011.62
2024-06-26 22:23:25.405405404,Thailand,31.2,78.75,3.52,1.29,1004.09
2024-06-27 07:09:32.972972972,Japan,20.86,61.92,2.74,0.82,1006.57
2024-06-27 15:55:40.540540540,Thailand,30.89,78.0,4.35,1.5,1010.76
2024-06-28 00:41:48.108108108,USA,-5.87,52.98,4.94,2.85,1007.54
2024-06-28 09:27:55.675675676,USA,8.44,51.21,4.86,2.14,1018.34
2024-06-28 18:14:03.243243242,Thailand,28.18,78.66,0.25,0.2,1006.0
2024-06-29 03:00:10.810810810,Japan,26.2,61.35,3.1,1.41,1005.45
2024-06-29 11:46:18.378378378,USA,22.68,62.58,6.02,1.9,1036.56
2024-06-29 20:32:25.945945946,USA,15.56,53.85,7.4,2.58,1011.69
2024-06-30 05:18:33.513513512,USA,14.54,54.91,3.86,1.86,1014.98
2024-06-30 14:04:41.081081080,Thailand,27.56,70.63,4.22,1.76,1006.05
2024-06-30 22:50:48.648648648,USA,9.65,64.3,3.54,1.78,1017.55
2024-07-01 07:36:56.216216216,Japan,23.2,66.14,3.04,0.93,1010.17
2024-07-01 16:23:03.783783784,USA,15.98,75.55,3.56,1.44,1017.47
2024-07-02 01:09:11.351351350,USA,20.05,62.35,6.39,3.22,1004.23
2024-07-02 09:55:18.918918918,Japan,24.08,60.44,2.67,1.03,1015.78
2024-07-02 18:41:26.486486486,USA,24.91,72.46,2.82,0.91,1005.32
2024-07-03 03:27:34.054054054,Thailand,25.08,71.86,4.0,2.32,1006.13
2024-07-03 12:13:41.621621622,Thailand,28.59,65.76,1.9,1.12,1009.19
2024-07-03 20:59:49.189189188,Thailand,30.26,51.07,2.81,1.4,1001.48
2024-07-04 05:45:56.756756756,Japan,23.77,73.16,5.3,2.89,1011.83
2024-07-04 14:32:04.324324324,USA,5.51,80.97,6.86,3.9,1011.58
2024-07-04 23:18:11.891891892,Thailand,29.19,79.75,1.9,0.68,1011.7
2024-07-05 08:04:19.459459458,Japan,14.3,54.43,5.83,1.96,1009.71
2024-07-05 16:50:27.027027026,USA,17.29,80.55,4.87,1.9,1001.9
2024-07-06 01:36:34.594594594,Japan,8.42,84.87,5.37,2.16,1011.53
2024-07-06 10:22:42.162162162,Thailand,32.56,85.01,4.91,2.8,1011.24
2024-07-06 19:08:49.729729730,Thailand,25.04,67.32,2.88,1.36,1008.37
2024-07-07 03:54:57.297297296,Thailand,26.92,74.22,3.15,1.64,1005.28
2024-07-07 12:41:04.864864864,Japan,18.5,62.88,2.57,0.9,1011.39
2024-07-07 21:27:12.432432432,Japan,5.79,70.82,3.9,1.58,1013.25
2024-07-08 06:13:20.000000000,Thailand,28.76,90.1,3.56,1.34,1002.66
2024-07-08 14:59:27.567567566,Japan,4.94,75.29,4.64,2.06,1013.17
2024-07-08 23:45:35.135135134,Thailand,26.14,63.82,2.42,0.88,1012.15
2024-07-09 08:31:42.702702702,Thailand,29.8,68.19,4.23,1.55,1007.74
2024-07-09 17:17:50.270270270,USA,27.0,54.44,4.18,1.83,1019.92
2024-07-10 02:03:57.837837838,Japan,20.88,63.13,4.5,1.4,1020.79
2024-07-10 10:50:05.405405404,Thailand,22.54,69.73,3.45,2.04,1004.07
2024-07-10 19:36:12.972972972,Thailand,35.17,78.99,2.87,0.96,1005.17
2024-07-11 04:22:20.540540540,Japan,22.27,66.57,3.12,1.27,1012.12
2024-07-11 13:08:28.108108108,USA,-6.85,73.73,5.81,2.81,1015.57
2024-07-11 21:54:35.675675676,USA,1.28,51.49,4.42,1.88,1008.3
2024-07-12 06:40:43.243243242,Thailand,33.47,85.29,2.83,1.0,1005.28
2024-07-12 15:26:50.810810810,Japan,20.22,61.67,3.86,1.35,1008.35
2024-07-13 00:12:58.378378378,USA,16.53,72.22,5.03,2.61,1003.54
2024-07-13 08:59:05.945945946,Japan,19.58,71.93,2.1,1.1,1019.51
2024-07-13 17:45:13.513513512,Japan,31.93,68.51,6.44,3.52,1008.49
2024-07-14 02:31:21.081081080,Thailand,30.7,73.01,4.2,1.8,1008.56
2024-07-14 11:17:28.648648648,USA,22.32,57.44,6.31,2.81,1010.16
2024-07-14 20:03:36.216216216,Thailand,24.15,76.15,1.18,0.37,1011.04
2024-07-15 04:49:43.783783784,USA,30.08,51.69,7.62,4.13,1005.93
2024-07-15 13:35:51.351351350,USA,13.7,66.96,3.59,2.14,1018.13
2024-07-15 22:21:58.918918918,USA,15.73,55.96,7.56,2.54,1019.53
2024-07-16 07:08:06.486486486,USA,2.07,66.87,5.9,2.51,1001.78
2024-07-16 15:54:14.054054054,USA,11.72,55.94,7.99,4.55,1010.14
2024-07-17 00:40:21.621621620,Japan,16.64,57.44,5.57,1.94,1019.28
2024-07-17 09:26:29.189189188,Thailand,28.88,70.94,2.41,0.75,1007.58
2024-07-17 18:12:36.756756756,Japan,4.63,78.18,4.11,1.25,1008.94
2024-07-18 02:58:44.324324324,USA,8.23,72.06,5.19,2.18,1009.98
2024-07-18 11:44:51.891891892,Thailand,30.12,78.54,3.95,1.51,1003.92
2024-07-18 20:30:59.459459458,USA,12.58,69.36,3.74,1.6,1013.42
2024-07-19 05:17:07.027027026,Thailand,31.3,78.76,2.29,1.25,1005.15
2024-07-19 14:03:14.594594594,Japan,4.1,58.9,5.02,1.58,1007.12
2024-07-19 22:49:22.162162162,Thailand,21.28,72.0,1.96,0.9,1001.47
2024-07-20 07:35:29.729729730,Thailand,30.76,65.51,3.61,1.25,1010.86
2024-07-20 16:21:37.297297296,Thailand,28.62,69.44,1.85,0.93,1000.99
2024-07-21 01:07:44.864864864,Thailand,34.7,68.12,3.53,1.33,1003.45
2024-07-21 09:53:52.432432432,Thailand,26.99,68.98,1.53,0.77,1005.99
2024-07-21 18:40:00.000000000,USA,20.17,71.68,4.25,1.47,1020.09
2024-07-22 03:26:07.567567566,Thailand,27.66,85.64,1.8,0.58,1011.57
2024-07-22 12:12:15.135135134,Thailand,31.82,83.92,4.05,1.57,1008.89
2024-07-22 20:58:22.702702702,Japan,33.97,58.82,1.7,0.68,1001.6
2024-07-23 05:44:30.270270270,Thailand,33.43,76.68,3.93,1.83,1010.17
2024-07-23 14:30:37.837837838,Japan,11.33,58.23,2.84,1.59,1015.15
2024-07-23 23:16:45.405405404,USA,10.47,70.74,6.8,3.27,1023.13
2024-07-24 08:02:52.972972972,Thailand,32.21,89.25,1.34,0.71,1005.9
2024-07-24 16:49:00.540540540,Japan,23.1,54.63,4.93,2.58,1004.42
2024-07-25 01:35:08.108108108,Japan,19.99,55.12,2.73,1.21,1017.25
2024-07-25 10:21:15.675675676,USA,12.91,66.4,4.37,1.42,1012.86
2024-07-25 19:07:23.243243242,Thailand,26.79,90.29,1.72,0.67,1008.76
2024-07-26 03:53:30.810810810,Thailand,30.66,75.62,4.62,2.08,1015.8
2024-07-26 12:39:38.378378378,Japan,6.32,75.59,3.74,1.28,1014.86
2024-07-26 21:25:45.945945946,Thailand,27.01,83.29,4.9,2.79,1008.98
2024-07-27 06:11:53.513513512,Japan,22.47,75.58,4.55,1.77,1011.74
2024-07-27 14:58:01.081081080,Thailand,31.96,65.9,4.21,1.28,1014.94
2024-07-27 23:44:08.648648648,Japan,11.67,76.73,5.0,2.01,1020.71
2024-07-28 08:30:16.216216216,Thailand,27.72,77.3,4.54,2.42,1005.37
2024-07-28 17:16:23.783783784,USA,5.84,76.27,7.34,4.31,1013.81
2024-07-29 02:02:31.351351352,Thailand,31.83,97.13,3.1,1.28,1004.63
2024-07-29 10:48:38.918918920,Thailand,25.32,87.03,2.67,1.05,1007.15
2024-07-29 19:34:46.486486484,USA,14.68,63.3,7.14,4.27,1013.55
2024-07-30 04:20:54.054054052,Thailand,33.83,77.7,1.79,0.75,1003.7
2024-07-30 13:07:01.621621620,USA,27.06,73.7,3.42,1.67,1010.61
2024-07-30 21:53:09.189189188,Thailand,30.65,66.79,4.1,2.16,1012.25
2024-07-31 06:39:16.756756756,Japan,18.0,75.83,5.12,1.82,1018.2
2024-07-31 15:25:24.324324324,Japan,32.6,54.85,3.46,1.17,1013.08
2024-08-01 00:11:31.891891892,Thailand,37.66,69.86,2.15,0.68,1008.34
2024-08-01 08:57:39.459459460,Thailand,30.59,67.77,1.45,0.71,1009.03
2024-08-01 17:43:47.027027028,Thailand,35.91,74.84,2.16,1.05,1003.68
2024-08-02 02:29:54.594594592,Japan,29.13,70.74,6.1,2.68,1004.29
2024-08-02 11:16:02.162162160,Thailand,31.8,67.64,0.97,0.56,1011.24
2024-08-02 20:02:09.729729728,Japan,10.82,77.3,2.55,1.35,1019.14
2024-08-03 04:48:17.297297296,USA,-7.56,45.86,5.44,3.21,1007.13
2024-08-03 13:34:24.864864864,Japan,13.84,63.34,4.12,1.44,1000.36
2024-08-03 22:20:32.432432432,Japan,3.55,58.14,2.61,1.47,1009.8
2024-08-04 07:06:40.000000000,USA,-2.94,43.73,3.58,1.77,1024.72
2024-08-04 15:52:47.567567568,Japan,19.21,70.11,7.67,3.64,1008.29
2024-08-05 00:38:55.135135136,Thailand,24.95,66.81,2.72,0.95,1004.14
2024-08-05 09:25:02.702702704,Thailand,27.48,80.41,3.08,1.47,1005.28
2024-08-05 18:11:10.270270268,Japan,19.49,75.27,5.66,2.61,1008.18
2024-08-06 02:57:17.837837836,Thailand,30.37,68.67,2.8,1.09,1011.22
2024-08-06 11:43:25.405405404,Japan,17.48,64.24,6.96,2.26,1004.07
2024-08-06 20:29:32.972972972,Thailand,33.61,77.54,2.95,1.44,1004.67
2024-08-07 05:15:40.540540540,Thailand,31.47,79.56,3.2,1.08,1007.6
2024-08-07 14:01:48.108108108,Japan,21.92,56.86,3.85,1.75,1008.54
2024-08-07 22:47:55.675675676,Thailand,32.05,76.01,2.78,1.51,1016.19
2024-08-08 07:34:03.243243244,Japan,13.87,73.44,3.74,1.84,1005.65
2024-08-08 16:20:10.810810812,Thailand,28.35,73.82,3.84,1.59,1008.83
2024-08-09 01:06:18.378378376,Thailand,29.12,63.4,3.33,1.35,1012.83
2024-08-09 09:52:25.945945944,USA,17.53,76.61,5.89,3.15,1019.61
2024-08-09 18:38:33.513513512,USA,-0.22,80.96,5.1,2.46,1016.46
2024-08-10 03:24:41.081081080,Japan,22.02,52.24,2.07,0.66,1012.46
2024-08-10 12:10:48.648648648,USA,29.0,66.65,1.91,0.96,1013.79
2024-08-10 20:56:56.216216216,Japan,17.22,56.95,3.42,1.23,1008.93
2024-08-11 05:43:03.783783784,USA,9.62,58.37,5.57,2.48,998.01
2024-08-11 14:29:11.351351352,Thailand,33.27,71.99,3.02,0.96,1003.31
2024-08-11 23:15:18.918918920,Japan,18.89,57.65,5.52,2.58,1011.88
2024-08-12 08:01:26.486486484,Japan,19.23,51.63,3.38,1.97,1011.66
2024-08-12 16:47:34.054054052,Thailand,28.54,81.57,1.36,0.56,1008.48
2024-08-13 01:33:41.621621620,Japan,24.84,43.94,5.73,2.43,1017.93
2024-08-13 10:19:49.189189188,Japan,-0.49,61.77,4.17,2.16,1013.54
2024-08-13 19:05:56.756756756,USA,5.75,40.83,4.35,1.54,1011.72
2024-08-14 03:52:04.324324324,Japan,22.35,75.4,1.89,1.09,1024.23
2024-08-14 12:38:11.891891892,Thailand,29.45,72.15,4.18,2.5,1005.49
2024-08-14 21:24:19.459459460,USA,20.03,55.82,4.01,1.68,1016.57
2024-08-15 06:10:27.027027028,USA,18.23,59.27,6.0,2.4,1009.8
2024-08-15 14:56:34.594594592,Thailand,28.34,87.79,4.2,2.27,1009.13
2024-08-15 23:42:42.162162160,Thailand,27.61,78.4,4.28,1.8,999.13
2024-08-16 08:28:49.729729728,USA,16.57,60.07,5.8,2.43,1008.03
2024-08-16 17:14:57.297297296,Japan,13.93,53.26,3.7,1.58,1021.34
2024-08-17 02:01:04.864864864,USA,26.43,39.21,2.64,1.17,1014.58
2024-08-17 10:47:12.432432432,Thailand,36.29,87.76,3.68,1.13,1004.75
2024-08-17 19:33:20.000000000,USA,27.05,52.51,1.76,0.89,1015.6
2024-08-18 04:19:27.567567568,Thailand,34.13,77.51,3.69,1.65,1013.87
2024-08-18 13:05:35.135135136,USA,11.02,52.66,8.62,3.91,1004.15
2024-08-18 21:51:42.702702700,Japan,5.12,64.68,4.96,1.75,1011.62
2024-08-19 06:37:50.270270268,USA,6.09,59.26,6.71,2.83,1025.72
2024-08-19 15:23:57.837837836,USA,24.58,60.62,5.46,3.1,1019.45
2024-08-20 00:10:05.405405404,Thailand,33.76,78.13,4.56,2.62,1006.25
2024-08-20 08:56:12.972972972,Thailand,26.19,77.3,2.17,0.81,1005.45
2024-08-20 17:42:20.540540540,Thailand,31.57,60.32,1.44,0.7,1015.45
2024-08-21 02:28:28.108108108,USA,15.71,44.48,3.61,1.52,1007.49
2024-08-21 11:14:35.675675676,Japan,27.36,76.83,3.84,1.8,1016.0
2024-08-21 20:00:43.243243244,Thailand,33.78,84.17,2.03,1.14,1012.03
2024-08-22 04:46:50.810810812,Thailand,29.17,78.61,2.53,1.41,1006.54
2024-08-22 13:32:58.378378376,USA,35.5,60.01,6.56,3.47,1008.25
2024-08-22 22:19:05.945945944,Thailand,27.58,61.46,3.56,1.39,1008.75
2024-08-23 07:05:13.513513512,Japan,22.85,72.35,2.52,1.26,1009.58
2024-08-23 15:51:21.081081080,Japan,21.72,81.22,4.03,1.59,1003.7
2024-08-24 00:37:28.648648648,Thailand,35.69,67.42,2.17,0.91,1011.06
2024-08-24 09:23:36.216216216,Thailand,27.5,69.89,3.11,1.28,1008.3
2024-08-24 18:09:43.783783784,USA,19.22,63.2,4.32,2.54,1015.22
2024-08-25 02:55:51.351351352,Japan,7.44,53.43,3.97,1.32,1007.36
2024-08-25 11:41:58.918918920,Japan,12.32,53.86,4.39,1.71,1012.06
2024-08-25 20:28:06.486486484,Thailand,28.31,78.39,3.33,1.68,1008.57
2024-08-26 05:14:14.054054052,USA,15.07,34.96,5.32,1.79,1026.28
2024-08-26 14:00:21.621621620,Japan,24.93,58.85,3.81,1.9,1012.7
2024-08-26 22:46:29.189189188,Japan,23.12,70.9,3.79,2.11,1012.69
2024-08-27 07:32:36.756756756,USA,19.02,51.34,6.69,2.51,1019.91
2024-08-27 16:18:44.324324324,USA,14.35,60.87,5.15,2.28,1012.1
2024-08-28 01:04:51.891891892,Japan,15.55,75.5,4.51,2.09,1009.33
2024-08-28 09:50:59.459459460,Japan,22.22,56.49,7.73,3.39,1012.32
2024-08-28 18:37:07.027027028,USA,18.79,64.53,3.81,2.1,1014.89
2024-08-29 03:23:14.594594592,Japan,26.53,75.57,5.31,2.75,1009.42
2024-08-29 12:09:22.162162160,Thailand,29.34,67.57,3.07,1.5,1008.75
2024-08-29 20:55:29.729729728,Thailand,27.25,68.3,2.86,1.52,1009.23
2024-08-30 05:41:37.297297296,USA,4.77,56.36,5.05,2.99,1011.41
2024-08-30 14:27:44.864864864,USA,0.64,44.21,5.56,2.4,1000.2
2024-08-30 23:13:52.432432432,USA,15.15,72.57,2.72,1.62,1013.15
2024-08-31 08:00:00.000000000,Thailand,29.46,74.15,4.0,1.7,1014.81
2024-08-31 16:46:07.567567568,Japan,27.79,61.18,4.77,2.36,1008.58
2024-09-01 01:32:15.135135136,Thailand,26.4,56.47,3.86,1.75,1004.69
2024-09-01 10:18:22.702702700,Japan,24.28,48.28,4.0,2.3,1011.11
2024-09-01 19:04:30.270270268,Thailand,28.63,73.73,2.63,0.96,1002.61
2024-09-02 03:50:37.837837836,Japan,21.35,71.8,4.22,2.44,1009.56
2024-09-02 12:36:45.405405404,Thailand,27.01,73.55,0.82,0.34,1008.71
2024-09-02 21:22:52.972972972,USA,29.56,69.69,4.79,2.59,1010.28
2024-09-03 06:09:00.540540540,Thailand,27.92,59.25,3.1,1.73,1016.17
2024-09-03 14:55:08.108108108,Japan,16.51,80.04,3.98,2.38,1012.48
2024-09-03 23:41:15.675675676,Thailand,27.56,81.59,3.23,1.8,1008.07
2024-09-04 08:27:23.243243244,Thailand,30.87,70.5,1.58,0.86,1005.93
2024-09-04 17:13:30.810810812,Thailand,33.01,71.02,2.22,0.71,1004.96
2024-09-05 01:59:38.378378376,USA,17.35,44.09,3.68,1.52,1003.01
2024-09-05 10:45:45.945945944,Thailand,23.77,74.31,2.85,1.11,1006.69
2024-09-05 19:31:53.513513512,USA,5.79,54.09,4.23,2.07,1014.73
2024-09-06 04:18:01.081081080,USA,16.81,75.64,6.17,2.16,1010.53
2024-09-06 13:04:08.648648648,Thailand,34.71,75.55,2.36,0.91,1004.44
2024-09-06 21:50:16.216216216,Thailand,25.83,62.2,1.78,0.9,1008.64
2024-09-07 06:36:23.783783784,Thailand,28.46,67.82,4.45,2.32,1008.07
2024-09-07 15:22:31.351351352,Japan,11.04,69.2,2.72,1.12,1011.49
2024-09-08 00:08:38.918918920,Thailand,28.49,74.24,2.87,0.9,1009.65
2024-09-08 08:54:46.486486484,USA,11.02,45.79,4.2,2.5,1014.62
2024-09-08 17:40:54.054054052,Thailand,33.94,70.48,4.2,1.5,1002.1
2024-09-09 02:27:01.621621620,Japan,26.27,69.81,3.7,1.46,1008.36
2024-09-09 11:13:09.189189188,Thailand,25.79,85.56,3.3,1.79,1003.66
2024-09-09 19:59:16.756756756,Japan,11.22,61.9,3.08,1.2,1007.45
2024-09-10 04:45:24.324324324,Japan,26.28,81.74,2.52,1.38,1018.02
2024-09-10 13:31:31.891891892,Thailand,29.55,63.53,2.48,0.82,1009.97
2024-09-10 22:17:39.459459460,USA,11.72,69.61,2.78,0.88,1019.88
2024-09-11 07:03:47.027027028,Japan,8.23,70.91,2.91,1.0,1010.02
2024-09-11 15:49:54.594594592,Thailand,28.39,72.89,1.94,0.76,1007.82
2024-09-12 00:36:02.162162160,Thailand,30.96,88.23,3.14,1.45,1011.98
2024-09-12 09:22:09.729729728,USA,10.3,54.85,4.51,1.86,1016.57
2024-09-12 18:08:17.297297296,Japan,12.82,76.92,5.43,1.71,1012.22
2024-09-13 02:54:24.864864864,Japan,16.32,48.3,5.12,2.95,1006.84
2024-09-13 11:40:32.432432432,Thailand,24.47,67.88,2.94,1.31,1010.15
2024-09-13 20:26:40.000000000,Thailand,32.09,72.98,4.51,2.45,1009.59
2024-09-14 05:12:47.567567568,USA,7.0,37.1,4.21,2.27,1019.01
2024-09-14 13:58:55.135135136,USA,16.6,66.86,6.57,3.64,1016.73
2024-09-14 22:45:02.702702700,Japan,14.11,63.7,6.5,2.83,1006.29
2024-09-15 07:31:10.270270268,Japan,12.81,77.92,2.3,1.21,1013.44
2024-09-15 16:17:17.837837836,Thailand,25.75,76.75,4.01,1.78,1004.62
2024-09-16 01:03:25.405405404,Japan,11.81,39.12,4.09,2.09,1015.75
2024-09-16 09:49:32.972972972,USA,11.54,40.66,4.47,1.34,1010.98
2024-09-16 18:35:40.540540540,USA,22.53,45.75,5.36,1.86,1020.29
2024-09-17 03:21:48.108108108,Thailand,32.01,87.22,3.89,2.3,1011.04
2024-09-17 12:07:55.675675676,USA,-3.6,70.37,3.86,2.2,1014.18
2024-09-17 20:54:03.243243244,USA,11.51,50.73,5.76,2.41,1020.38
2024-09-18 05:40:10.810810808,USA,26.65,58.95,6.71,2.19,1010.78
2024-09-18 14:26:18.378378376,USA,20.38,65.14,4.44,1.55,1005.33
2024-09-18 23:12:25.945945944,Thailand,30.94,89.7,1.83,0.67,1010.08
2024-09-19 07:58:33.513513512,Thailand,29.72,73.08,4.12,2.06,1008.75
2024-09-19 16:44:41.081081080,Japan,22.12,64.16,4.5,2.06,1011.85
2024-09-20 01:30:48.648648648,USA,8.92,64.36,5.62,2.64,1001.66
2024-09-20 10:16:56.216216216,Japan,9.95,68.47,6.19,3.66,1003.52
2024-09-20 19:03:03.783783784,Thailand,31.07,76.53,3.51,1.25,1013.79
2024-09-21 03:49:11.351351352,Thailand,33.35,87.06,2.75,1.26,1018.01
2024-09-21 12:35:18.918918920,Thailand,30.73,58.34,3.55,1.26,1005.81
2024-09-21 21:21:26.486486484,Thailand,29.62,68.39,2.24,0.86,1015.73
2024-09-22 06:07:34.054054052,Thailand,24.07,81.01,0.93,0.49,1008.11
2024-09-22 14:53:41.621621620,Thailand,29.91,70.63,3.6,1.09,1007.07
2024-09-22 23:39:49.189189188,Thailand,34.93,77.89,2.14,1.26,1007.88
2024-09-23 08:25:56.756756756,USA,38.91,64.53,4.8,2.06,1003.43
2024-09-23 17:12:04.324324324,Japan,14.58,71.33,4.03,2.14,1003.97
2024-09-24 01:58:11.891891892,Thailand,30.35,69.61,4.18,1.58,1007.15
2024-09-24 10:44:19.459459460,USA,9.82,58.94,9.34,4.4,1004.46
2024-09-24 19:30:27.027027028,USA,2.65,46.53,4.45,1.47,1008.1
2024-09-25 04:16:34.594594592,Japan,29.19,73.02,5.29,2.31,1003.92
2024-09-25 13:02:42.162162160,Thailand,34.86,74.1,2.04,1.18,1003.38
2024-09-25 21:48:49.729729728,Japan,17.84,58.11,4.31,2.0,1014.83
2024-09-26 06:34:57.297297296,Thailand,27.69,65.16,3.19,1.45,1012.58
2024-09-26 15:21:04.864864864,USA,13.96,64.72,3.52,1.78,1014.09
2024-09-27 00:07:12.432432432,USA,16.24,68.52,5.44,2.88,1006.94
2024-09-27 08:53:20.000000000,USA,24.62,57.16,6.5,3.17,1014.68
2024-09-27 17:39:27.567567568,USA,11.04,50.79,6.53,2.55,1019.76
2024-09-28 02:25:35.135135136,Japan,22.0,57.95,1.69,0.82,1010.28
2024-09-28 11:11:42.702702700,Thailand,29.72,73.03,1.83,1.09,1007.58
2024-09-28 19:57:50.270270268,Thailand,28.83,72.56,3.63,1.55,1005.21
2024-09-29 04:43:57.837837836,Japan,15.45,65.5,3.91,2.13,1008.47
2024-09-29 13:30:05.405405404,Thailand,32.58,75.64,4.14,1.41,1006.45
2024-09-29 22:16:12.972972972,USA,16.67,65.01,6.12,2.34,1011.96
2024-09-30 07:02:20.540540540,Thailand,33.7,66.74,3.6,1.88,1005.64
2024-09-30 15:48:28.108108108,USA,13.38,52.5,3.04,1.81,1006.46
2024-10-01 00:34:35.675675676,Japan,27.46,73.86,3.91,2.11,1012.22
2024-10-01 09:20:43.243243244,Thailand,33.16,73.5,2.32,1.22,1003.62
2024-10-01 18:06:50.810810808,Japan,28.91,49.7,6.44,2.37,1009.14
2024-10-02 02:52:58.378378376,Thailand,29.56,72.44,1.73,0.7,1007.61
2024-10-02 11:39:05.945945944,USA,8.92,58.35,6.92,2.39,1014.25
2024-10-02 20:25:13.513513512,Japan,29.79,75.0,6.55,2.77,1007.6
2024-10-03 05:11:21.081081080,Thailand,29.27,75.02,4.07,1.27,1013.09
2024-10-03 13:57:28.648648648,USA,16.54,59.49,5.13,2.94,996.72
2024-10-03 22:43:36.216216216,Japan,22.33,81.38,4.57,2.0,1012.56
2024-10-04 07:29:43.783783784,Japan,1.5,59.85,2.85,1.33,1010.83
2024-10-04 16:15:51.351351352,Thailand,32.97,73.26,3.53,1.65,1006.09
2024-10-05 01:01:58.918918920,Thailand,24.41,75.9,4.15,1.62,1007.61
2024-10-05 09:48:06.486486484,Thailand,29.11,73.03,3.99,1.76,1005.15
2024-10-05 18:34:14.054054052,USA,9.03,54.15,5.92,2.39,1011.95
2024-10-06 03:20:21.621621620,Thailand,29.97,77.46,4.81,2.86,1006.63
2024-10-06 12:06:29.189189188,Japan,11.19,74.82,3.85,1.86,1005.46
2024-10-06 20:52:36.756756756,Japan,15.08,64.37,4.59,1.97,1012.32
2024-10-07 05:38:44.324324324,Thailand,24.88,96.1,3.89,2.21,1006.98
2024-10-07 14:24:51.891891892,Thailand,33.29,62.47,-0.01,0.2,1010.28
2024-10-07 23:10:59.459459460,Japan,6.47,71.05,2.99,1.79,1003.14
2024-10-08 07:57:07.027027028,USA,16.11,52.48,5.99,2.26,995.87
2024-10-08 16:43:14.594594592,Thailand,28.26,72.94,2.84,1.34,1009.72
2024-10-09 01:29:22.162162160,Thailand,30.14,79.47,4.86,2.53,1006.07
2024-10-09 10:15:29.729729728,Japan,31.92,87.8,2.24,1.33,1009.32
2024-10-09 19:01:37.297297296,Thailand,29.98,84.43,1.63,0.75,1010.08
2024-10-10 03:47:44.864864864,USA,16.5,83.18,7.57,2.66,1009.34
2024-10-10 12:33:52.432432432,Japan,7.06,53.21,6.15,2.74,1009.26
2024-10-10 21:20:00.000000000,Thailand,31.07,85.93,4.07,1.51,1005.81
2024-10-11 06:06:07.567567568,Japan,18.18,49.57,4.25,1.84,1021.98
2024-10-11 14:52:15.135135136,Thailand,30.22,78.77,4.06,1.93,1008.8
2024-10-11 23:38:22.702702700,Thailand,27.49,86.4,2.91,1.22,1004.45
2024-10-12 08:24:30.270270268,Thailand,28.86,79.37,2.25,1.28,1003.01
2024-10-12 17:10:37.837837836,USA,14.4,65.92,5.58,2.83,1001.03
2024-10-13 01:56:45.405405404,USA,24.4,49.2,1.85,0.73,1005.67
2024-10-13 10:42:52.972972972,Japan,3.85,63.99,3.1,1.84,1006.17
2024-10-13 19:29:00.540540540,Thailand,26.04,58.01,3.29,1.23,1008.18
2024-10-14 04:15:08.108108108,Thailand,33.48,82.78,2.22,1.12,1008.81
2024-10-14 13:01:15.675675676,USA,16.45,52.11,3.35,1.85,1017.1
2024-10-14 21:47:23.243243244,Thailand,25.55,73.33,4.21,1.95,1001.89
2024-10-15 06:33:30.810810808,USA,11.18,51.83,3.51,1.49,1008.92
2024-10-15 15:19:38.378378376,Thailand,27.08,80.63,1.69,1.0,1001.61
2024-10-16 00:05:45.945945944,Japan,10.04,56.07,6.3,3.51,1011.16
2024-10-16 08:51:53.513513512,Thailand,28.77,83.05,1.87,0.6,1012.51
2024-10-16 17:38:01.081081080,Thailand,24.84,67.67,4.05,1.58,1011.04
2024-10-17 02:24:08.648648648,USA,9.04,70.81,8.4,4.27,1010.59
2024-10-17 11:10:16.216216216,Thailand,33.25,87.83,3.42,1.31,1014.23
2024-10-17 19:56:23.783783784,Thailand,23.81,72.46,3.94,1.86,1008.77
2024-10-18 04:42:31.351351352,USA,18.24,87.34,1.07,0.38,1012.5
2024-10-18 13:28:38.918918916,Japan,3.75,65.47,3.63,1.23,1002.64
2024-10-18 22:14:46.486486484,Japan,13.78,68.18,4.97,2.64,1013.91
2024-10-19 07:00:54.054054052,USA,18.07,50.1,5.55,2.74,1020.17
2024-10-19 15:47:01.621621620,USA,32.18,30.09,5.19,1.68,1011.06
2024-10-20 00:33:09.189189188,USA,-2.42,53.45,2.82,1.43,1013.81
2024-10-20 09:19:16.756756756,USA,10.0,65.26,5.16,2.27,1019.32
2024-10-20 18:05:24.324324324,USA,17.95,50.68,5.31,2.59,1014.06
2024-10-21 02:51:31.891891892,Japan,15.16,58.83,4.86,2.35,1010.25
2024-10-21 11:37:39.459459460,Japan,21.6,73.2,4.49,1.72,1008.34
2024-10-21 20:23:47.027027028,USA,1.03,74.66,5.64,1.73,1012.01
2024-10-22 05:09:54.594594592,Thailand,33.24,82.54,3.49,1.72,1012.29
2024-10-22 13:56:02.162162160,USA,18.52,49.54,3.92,1.6,1012.57
2024-10-22 22:42:09.729729728,Thailand,31.62,82.01,2.33,1.0,1007.76
2024-10-23 07:28:17.297297296,USA,22.77,59.33,2.22,1.02,1019.25
2024-10-23 16:14:24.864864864,USA,11.49,33.38,7.74,3.86,1006.48
2024-10-24 01:00:32.432432432,Japan,11.06,74.21,2.86,1.42,1009.13
2024-10-24 09:46:40.000000000,Thailand,30.31,71.14,1.22,0.39,999.08
2024-10-24 18:32:47.567567568,Thailand,32.99,79.23,2.53,1.4,1001.95
2024-10-25 03:18:55.135135136,Japan,15.62,70.0,1.96,0.65,1012.12
2024-10-25 12:05:02.702702700,Japan,16.51,76.79,4.9,1.6,1000.88
2024-10-25 20:51:10.270270268,Japan,21.37,79.97,3.26,1.16,1008.51
2024-10-26 05:37:17.837837836,Japan,18.87,58.74,4.14,2.26,1008.03
2024-10-26 14:23:25.405405404,Thailand,26.53,64.33,1.45,0.45,1010.65
2024-10-26 23:09:32.972972972,Thailand,32.24,86.19,4.56,2.29,1010.08
2024-10-27 07:55:40.540540540,USA,9.2,46.12,6.7,3.95,1015.51
2024-10-27 16:41:48.108108108,USA,3.54,65.59,8.73,4.67,1020.46
2024-10-28 01:27:55.675675676,Japan,23.92,70.14,3.31,1.63,1014.78
2024-10-28 10:14:03.243243244,Japan,19.4,64.19,4.12,1.44,1008.69
2024-10-28 19:00:10.810810808,Japan,12.08,70.53,3.95,2.27,1003.03
2024-10-29 03:46:18.378378376,USA,10.39,55.52,5.01,2.87,1022.73
2024-10-29 12:32:25.945945944,USA,18.95,48.51,3.82,1.93,1010.25
2024-10-29 21:18:33.513513512,USA,29.67,66.47,3.98,1.68,1001.84
2024-10-30 06:04:41.081081080,USA,5.41,43.77,1.83,1.05,1015.48
2024-10-30 14:50:48.648648648,USA,19.97,56.47,5.59,3.2,1008.54
2024-10-30 23:36:56.216216216,USA,21.58,59.17,2.63,0.94,1019.35
2024-10-31 08:23:03.783783784,USA,9.27,56.68,7.72,2.64,1010.87
2024-10-31 17:09:11.351351352,Japan,20.44,56.02,3.27,1.62,1016.37
2024-11-01 01:55:18.918918916,Japan,31.81,69.15,5.55,2.11,1018.34
2024-11-01 10:41:26.486486484,Japan,17.63,59.49,4.25,2.34,1015.73
2024-11-01 19:27:34.054054052,Japan,25.63,77.0,2.36,1.28,1014.97
2024-11-02 04:13:41.621621620,USA,17.17,56.36,4.56,2.23,1017.6
2024-11-02 12:59:49.189189188,Thailand,24.83,59.53,4.07,2.36,1004.91
2024-11-02 21:45:56.756756756,USA,18.7,67.01,4.8,1.83,1012.66
2024-11-03 06:32:04.324324324,Thailand,30.7,80.77,2.04,1.05,1011.49
2024-11-03 15:18:11.891891892,Japan,17.44,62.0,2.49,1.36,1012.8
2024-11-04 00:04:19.459459460,USA,21.99,45.4,8.26,2.74,1003.35
2024-11-04 08:50:27.027027028,Japan,23.54,59.29,5.28,3.11,1004.85
2024-11-04 17:36:34.594594592,USA,15.06,70.3,4.21,2.5,1014.92
2024-11-05 02:22:42.162162160,Japan,13.83,62.01,5.21,2.16,1008.08
2024-11-05 11:08:49.729729728,Thailand,29.24,69.7,3.03,1.29,1008.42
2024-11-05 19:54:57.297297296,Thailand,28.3,81.65,3.21,1.86,1004.06
2024-11-06 04:41:04.864864864,Thailand,33.68,74.91,4.78,2.48,1006.16
2024-11-06 13:27:12.432432432,USA,10.4,47.04,3.77,1.54,1014.18
2024-11-06 22:13:20.000000000,Thailand,30.43,75.08,4.35,1.87,1007.57
2024-11-07 06:59:27.567567568,USA,19.22,75.72,4.57,2.2,1018.62
2024-11-07 15:45:35.135135136,Thailand,26.51,89.65,2.27,1.18,1005.32
2024-11-08 00:31:42.702702700,Thailand,30.2,58.84,4.44,1.52,1005.95
2024-11-08 09:17:50.270270268,USA,3.29,87.29,4.52,1.93,1013.05
2024-11-08 18:03:57.837837836,USA,10.46,80.71,3.23,1.75,1017.63
2024-11-09 02:50:05.405405404,Thailand,25.93,78.32,3.64,2.0,1002.74
2024-11-09 11:36:12.972972972,USA,-0.45,53.53,5.77,2.51,1018.03
2024-11-09 20:22:20.540540540,Thailand,25.66,74.53,1.54,0.92,1013.26
2024-11-10 05:08:28.108108108,USA,-5.17,26.01,6.63,3.58,1013.77
2024-11-10 13:54:35.675675676,Japan,30.24,61.09,3.65,1.31,1024.19
2024-11-10 22:40:43.243243244,Japan,6.68,62.71,3.63,2.12,1014.13
2024-11-11 07:26:50.810810808,Japan,33.51,70.57,2.39,0.99,1011.62
2024-11-11 16:12:58.378378376,Japan,19.72,56.98,6.22,2.28,1009.58
2024-11-12 00:59:05.945945944,Japan,15.74,53.42,4.3,1.83,1013.0
2024-11-12 09:45:13.513513512,Thailand,27.43,75.28,3.65,1.22,1001.47
2024-11-12 18:31:21.081081080,Japan,9.19,72.32,5.4,2.71,1014.66
2024-11-13 03:17:28.648648648,Japan,24.03,67.51,3.65,1.37,1008.12
2024-11-13 12:03:36.216216216,Japan,24.28,76.3,2.99,1.15,1007.28
2024-11-13 20:49:43.783783784,Japan,7.89,60.17,3.88,1.56,1012.22
2024-11-14 05:35:51.351351352,USA,12.06,63.25,5.87,2.84,1009.95
2024-11-14 14:21:58.918918916,Thailand,30.38,71.25,2.01,1.07,1002.22
2024-11-14 23:08:06.486486484,Japan,15.21,77.43,3.82,2.03,1013.94
2024-11-15 07:54:14.054054052,Japan,24.69,64.61,3.09,1.67,1013.96
2024-11-15 16:40:21.621621620,Japan,14.76,72.69,4.19,1.98,1005.11
2024-11-16 01:26:29.189189188,Thailand,32.17,75.89,4.01,1.22,1010.07
2024-11-16 10:12:36.756756756,USA,-5.33,85.35,3.42,1.73,1012.99
2024-11-16 18:58:44.324324324,Thailand,34.78,75.15,1.81,0.9,1007.8
2024-11-17 03:44:51.891891892,USA,16.35,58.58,2.83,1.67,1015.15
2024-11-17 12:30:59.459459460,Japan,12.46,65.34,1.95,1.06,1014.51
2024-11-17 21:17:07.027027028,Japan,-3.7,66.29,3.17,1.47,1012.91
2024-11-18 06:03:14.594594592,Thailand,27.4,75.78,4.1,2.29,1006.97
2024-11-18 14:49:22.162162160,Thailand,31.75,72.04,3.39,1.12,1005.36
2024-11-18 23:35:29.729729728,USA,0.03,75.37,3.67,1.8,1017.33
2024-11-19 08:21:37.297297296,USA,22.81,48.4,5.52,1.87,1019.14
2024-11-19 17:07:44.864864864,Thailand,26.45,72.98,4.03,1.34,1011.19
2024-11-20 01:53:52.432432432,USA,28.61,60.32,5.05,2.95,1017.43
2024-11-20 10:40:00.000000000,Thailand,23.04,81.26,2.98,1.31,1012.81
2024-11-20 19:26:07.567567568,USA,27.09,59.59,4.32,1.73,1020.0
2024-11-21 04:12:15.135135136,Thailand,38.27,72.56,3.73,1.66,1005.4
2024-11-21 12:58:22.702702700,Thailand,27.8,72.52,2.12,0.93,1005.92
2024-11-21 21:44:30.270270268,Thailand,31.46,59.41,0.95,0.41,1010.96
2024-11-22 06:30:37.837837836,USA,14.01,64.52,3.28,1.43,1008.13
2024-11-22 15:16:45.405405404,USA,7.61,67.83,7.85,3.15,1010.48
2024-11-23 00:02:52.972972972,USA,1.11,63.6,4.29,2.41,1015.49
2024-11-23 08:49:00.540540540,Thailand,33.96,68.0,3.63,1.23,1006.88
2024-11-23 17:35:08.108108108,USA,14.71,44.06,6.36,2.95,1011.81
2024-11-24 02:21:15.675675676,USA,24.24,47.39,6.74,2.13,1005.88
2024-11-24 11:07:23.243243244,Thailand,30.15,86.92,2.19,0.84,1006.14
2024-11-24 19:53:30.810810808,Japan,27.46,58.46,2.79,0.85,1011.38
2024-11-25 04:39:38.378378376,Thailand,29.4,67.94,3.19,1.72,1010.36
2024-11-25 13:25:45.945945944,USA,-6.78,53.65,3.88,1.76,1015.88
2024-11-25 22:11:53.513513512,Thailand,37.01,73.11,3.11,1.44,1010.47
2024-11-26 06:58:01.081081080,Japan,24.1,74.49,4.2,1.45,1010.29
2024-11-26 15:44:08.648648648,Thailand,26.86,68.37,1.63,0.73,1005.16
2024-11-27 00:30:16.216216216,USA,16.91,59.56,5.29,1.67,1009.87
2024-11-27 09:16:23.783783784,Japan,18.31,77.57,7.89,2.77,1016.69
2024-11-27 18:02:31.351351352,USA,8.92,47.83,2.32,0.78,1015.59
2024-11-28 02:48:38.918918916,Japan,22.09,71.14,2.88,0.99,1008.93
2024-11-28 11:34:46.486486484,Japan,24.96,78.74,2.72,1.02,1013.38
2024-11-28 20:20:54.054054052,Thailand,28.73,79.0,3.2,1.35,1006.31
2024-11-29 05:07:01.621621620,Thailand,30.68,80.09,2.18,0.92,1003.12
2024-11-29 13:53:09.189189188,USA,14.95,52.11,4.49,1.82,1007.2
2024-11-29 22:39:16.756756756,Thailand,32.01,79.83,2.61,1.07,1003.93
2024-11-30 07:25:24.324324324,Thailand,31.14,71.44,2.1,0.86,1010.41
2024-11-30 16:11:31.891891892,Japan,19.87,56.76,3.22,1.53,1017.63
2024-12-01 00:57:39.459459460,Thailand,30.34,81.85,2.58,1.43,1003.48
2024-12-01 09:43:47.027027024,Japan,27.46,77.93,6.5,3.42,1012.53
2024-12-01 18:29:54.594594592,Japan,10.03,68.64,4.98,1.62,1015.41
2024-12-02 03:16:02.162162160,Japan,8.97,63.57,5.64,2.74,1000.04
2024-12-02 12:02:09.729729728,USA,24.7,65.66,4.27,2.37,1011.35
2024-12-02 20:48:17.297297296,USA,15.03,74.76,6.97,2.82,1004.6
2024-12-03 05:34:24.864864864,USA,37.06,74.39,2.48,1.02,1017.72
2024-12-03 14:20:32.432432432,Japan,15.3,69.35,4.36,2.31,1017.27
2024-12-03 23:06:40.000000000,USA,5.83,68.04,7.12,3.06,1014.19
2024-12-04 07:52:47.567567568,USA,14.48,66.04,4.36,2.55,1006.82
2024-12-04 16:38:55.135135136,Thailand,32.4,71.86,2.67,0.87,1011.32
2024-12-05 01:25:02.702702700,USA,5.61,73.43,4.41,1.97,1021.72
2024-12-05 10:11:10.270270268,USA,9.46,75.7,0.86,0.35,1007.29
2024-12-05 18:57:17.837837836,Japan,27.65,66.16,4.58,2.3,999.9
2024-12-06 03:43:25.405405404,Japan,11.51,55.4,4.22,2.0,1012.4
2024-12-06 12:29:32.972972972,Japan,16.45,65.69,4.29,1.99,1022.96
2024-12-06 21:15:40.540540540,Japan,13.32,62.75,2.68,0.85,998.98
2024-12-07 06:01:48.108108108,Japan,22.98,96.13,5.21,1.83,1006.76
2024-12-07 14:47:55.675675676,Japan,16.79,51.4,2.53,1.25,1006.85
2024-12-07 23:34:03.243243244,USA,25.48,65.85,3.53,1.35,1012.15
2024-12-08 08:20:10.810810808,Japan,18.4,67.85,3.17,1.49,1011.11
2024-12-08 17:06:18.378378376,Japan,3.27,85.42,4.23,1.35,1012.99
2024-12-09 01:52:25.945945944,Thailand,25.22,73.32,0.53,0.25,1001.3
2024-12-09 10:38:33.513513512,USA,4.68,54.72,7.58,3.78,1013.09
2024-12-09 19:24:41.081081080,USA,20.08,57.74,5.46,2.51,1018.41
2024-12-10 04:10:48.648648648,USA,36.85,51.76,8.25,3.17,1015.3
2024-12-10 12:56:56.216216216,Japan,12.11,66.33,6.26,3.18,1008.4
2024-12-10 21:43:03.783783784,Japan,3.48,64.78,5.68,2.87,1010.07
2024-12-11 06:29:11.351351352,Japan,16.45,67.86,3.51,1.38,1014.7
2024-12-11 15:15:18.918918916,Thailand,32.13,75.16,2.86,1.59,1006.3
2024-12-12 00:01:26.486486484,Japan,9.11,60.61,1.15,0.66,1004.75
2024-12-12 08:47:34.054054052,Thailand,30.09,87.86,2.98,0.95,1009.16
2024-12-12 17:33:41.621621620,USA,10.63,40.49,3.46,1.65,1018.34
2024-12-13 02:19:49.189189188,Japan,19.41,66.01,4.06,2.16,1016.19
2024-12-13 11:05:56.756756756,Thailand,35.23,91.44,1.27,0.39,1008.89
2024-12-13 19:52:04.324324324,Thailand,32.87,93.6,2.98,0.95,1010.02
2024-12-14 04:38:11.891891892,Japan,26.43,66.83,4.94,1.77,1009.61
2024-12-14 13:24:19.459459460,USA,1.08,80.45,4.77,1.81,1010.92
2024-12-14 22:10:27.027027024,USA,18.13,61.56,6.61,2.09,1009.4
2024-12-15 06:56:34.594594592,USA,7.33,60.82,7.06,3.49,1016.01
2024-12-15 15:42:42.162162160,Thailand,30.1,81.44,3.08,1.04,1003.9
2024-12-16 00:28:49.729729728,Thailand,28.56,95.32,2.96,1.73,1002.38
2024-12-16 09:14:57.297297296,Thailand,26.3,59.81,3.75,1.46,1014.2
2024-12-16 18:01:04.864864864,Thailand,25.86,71.51,2.74,1.01,1007.72
2024-12-17 02:47:12.432432432,USA,8.5,67.32,4.9,1.48,1008.02
2024-12-17 11:33:20.000000000,Japan,19.05,65.98,4.65,1.47,1015.22
2024-12-17 20:19:27.567567568,Thailand,31.56,78.41,3.04,1.12,1013.73
2024-12-18 05:05:35.135135136,Thailand,31.44,80.83,2.31,1.24,1005.36
2024-12-18 13:51:42.702702700,USA,10.75,72.7,5.38,3.07,1020.19
2024-12-18 22:37:50.270270268,Japan,17.13,62.89,5.12,2.24,1012.63
2024-12-19 07:23:57.837837836,Japan,9.44,69.2,3.94,1.28,1002.23
2024-12-19 16:10:05.405405404,USA,16.37,95.02,4.63,1.85,1006.22
2024-12-20 00:56:12.972972972,USA,40.51,67.8,3.24,1.02,1021.42
2024-12-20 09:42:20.540540540,Japan,12.64,53.72,4.46,1.55,1004.63
2024-12-20 18:28:28.108108108,Thailand,34.11,67.01,0.94,0.4,1012.36
2024-12-21 03:14:35.675675676,Japan,17.13,65.16,4.33,2.49,1008.77
2024-12-21 12:00:43.243243244,USA,7.13,43.27,6.98,4.07,1014.07
2024-12-21 20:46:50.810810808,Thailand,28.89,76.71,2.08,0.92,1014.92
2024-12-22 05:32:58.378378376,Thailand,29.32,86.51,2.11,1.17,1001.91
2024-12-22 14:19:05.945945944,USA,6.54,71.11,4.34,2.5,1009.94
2024-12-22 23:05:13.513513512,USA,25.0,89.25,1.58,0.86,1020.38
2024-12-23 07:51:21.081081080,USA,4.74,60.75,5.21,3.03,1006.53
2024-12-23 16:37:28.648648648,Japan,23.32,61.06,2.84,0.88,1015.05
2024-12-24 01:23:36.216216216,Japan,20.04,59.93,3.23,1.45,1005.01
2024-12-24 10:09:43.783783784,Thailand,28.28,77.68,2.59,1.2,997.81
2024-12-24 18:55:51.351351352,USA,10.71,64.99,6.2,2.89,1018.75
2024-12-25 03:41:58.918918916,Thailand,27.79,88.34,3.4,1.55,1004.52
2024-12-25 12:28:06.486486484,Thailand,25.81,84.62,3.18,1.04,1011.35
2024-12-25 21:14:14.054054052,Thailand,34.74,72.52,2.97,1.69,1013.83
2024-12-26 06:00:21.621621620,Thailand,28.2,62.53,3.82,1.25,1009.7
2024-12-26 14:46:29.189189188,USA,10.99,69.79,3.91,1.66,1008.95
2024-12-26 23:32:36.756756756,Thailand,27.55,65.93,2.59,1.22,1005.05
2024-12-27 08:18:44.324324324,USA,-4.75,51.01,5.92,3.12,1014.73
2024-12-27 17:04:51.891891892,USA,26.91,50.18,7.18,2.69,1009.71
2024-12-28 01:50:59.459459460,Japan,20.53,74.68,4.54,2.08,1002.94
2024-12-28 10:37:07.027027024,USA,3.0,68.39,4.18,2.12,1017.7
2024-12-28 19:23:14.594594592,Japan,22.27,44.2,5.02,2.71,1005.6
2024-12-29 04:09:22.162162160,USA,31.19,64.99,2.57,1.39,1021.18
2024-12-29 12:55:29.729729728,USA,20.98,39.3,3.63,1.42,1021.36
2024-12-29 21:41:37.297297296,USA,28.23,57.97,5.16,2.57,1017.55
2024-12-30 06:27:44.864864864,Japan,23.35,55.2,4.43,1.88,1012.29
2024-12-30 15:13:52.432432432,Japan,17.1,56.48,2.86,1.52,1006.11
2024-12-31 00:00:00.000000000,Thailand,35.72,63.51,2.74,0.9,1005.37
